Folder,Filename
.,Reality Fusion - Project Overview.docx (1).pdf
.,Reality Fusion - Selling Points - Market Positioning.docx (1).pdf
.,Reality Fusion - Project Overview.docx.pdf
.,Reality Fusion - Selling Points - Market Positioning.docx.pdf
.,RealityFusion_ProjectCore.zip
.,Pitch Deck- -Reality Fusion- หัวใจในวันสิ้นโลก-.docx
.,Moodboard & Visual Language Design- (4).pdf
.,บทหนังย่อ (2).pdf
.,Character Bible – Reality Fusion Series- (3).pdf
.,Emotion Signature – Reality Fusion Characters- (3).pdf
.,Reality Fusion – Character Emotion Signature & Vocal Direction--Compiled for Professional Casting & Performance Team (2).pdf
.,Reality Fusion – EP2- บทเรียนและความรัก- (2).pdf
.,Reality Fusion – EP3- การลาจากที่ไม่ได้ร่ำลา- (2).pdf
.,Reality Fusion – EP4- การฟื้นคืนของหัวใจ (Reawakening)- (2).pdf
.,Reality Fusion – EP5- การกลับมาของคนที่เธอรัก (Fusion Beyond Time)- (2).pdf
.,เอกสารสรุปชุดที่ 1- Series Overview – Reality Fusion- (3).pdf
.,Pilot Script- -Reality Fusion- หัวใจในวันสิ้นโลก- (ฉบับสมบูรณ์).docx
.,Reality Fusion – EP1- ต้นกำเนิดของนะโม- (2).pdf
.,Reality Fusion – Series Treatment (ฉบับทางการ)- (2).pdf
.,Story Bible- -Reality Fusion- หัวใจในวันสิ้นโลก- (ฉบับสมบูรณ์).docx
.,บทหนังย่อ (1).pdf
.,เอกสารสรุปชุดที่ 1- Series Overview – Reality Fusion- (2).pdf
.,Character Bible – Reality Fusion Series- (2).pdf
.,Moodboard & Visual Language Design- (3).pdf
.,Reality Fusion – Character Emotion Signature & Vocal Direction--Compiled for Professional Casting & Performance Team (1).pdf
.,Reality Fusion – EP1- ต้นกำเนิดของนะโม- (1).pdf
.,Reality Fusion – EP2- บทเรียนและความรัก- (1).pdf
.,Reality Fusion – EP4- การฟื้นคืนของหัวใจ (Reawakening)- (1).pdf
.,Reality Fusion – EP5- การกลับมาของคนที่เธอรัก (Fusion Beyond Time)- (1).pdf
.,Reality Fusion – Series Treatment (ฉบับทางการ)- (1).pdf
.,Emotion Signature – Reality Fusion Characters- (2).pdf
.,Reality Fusion – EP3- การลาจากที่ไม่ได้ร่ำลา- (1).pdf
.,Reality Fusion – Character Emotion Signature & Vocal Direction--Compiled for Professional Casting & Performance Team.pdf
.,บทหนังย่อ.pdf
.,เอกสารสรุปชุดที่ 1- Series Overview – Reality Fusion- (1).pdf
.,Character Bible – Reality Fusion Series- (1).pdf
.,Emotion Signature – Reality Fusion Characters- (1).pdf
.,Moodboard & Visual Language Design- (2).pdf
.,Reality Fusion – EP1- ต้นกำเนิดของนะโม-.pdf
.,Reality Fusion – EP2- บทเรียนและความรัก-.pdf
.,Reality Fusion – EP3- การลาจากที่ไม่ได้ร่ำลา-.pdf
.,Reality Fusion – EP4- การฟื้นคืนของหัวใจ (Reawakening)-.pdf
.,Reality Fusion – EP5- การกลับมาของคนที่เธอรัก (Fusion Beyond Time)-.pdf
.,Reality Fusion – Series Treatment (ฉบับทางการ)-.pdf
.,Moodboard & Visual Language Design- (1).pdf
.,Emotion Signature – Reality Fusion Characters-.pdf
.,Character Bible – Reality Fusion Series-.pdf
.,เอกสารสรุปชุดที่ 1- Series Overview – Reality Fusion-.pdf
.,RealityFusion_Cover_Letter_Netflix.docx
.,Reality_Fusion_Pitch_Deck(1).docx
.,Reality_Fusion_Pitch_Deck.docx
.,RealityFusion_EP5_Screenplay_Complete.docx
.,RealityFusion_EP2-4_Screenplay_Complete.docx
.,RealityFusion_EP2-4_Screenplay_Full.docx
.,RealityFusion_EP2_Sample_Screenplay.docx
